hashtag,username,fullname,user_id
pilatesinstructor,mparziale,Mia Parziale,10477614
pilatesinstructor,pilatesbylisaonline,Pilates By Lisa Online Studio,11302015
pilatesinstructor,dr_deepaligupta,"Dr.Deepali Gupta MD,PGDCP,NCPT",53694618
pilatesinstructor,emilydoherty_,Emily Doherty,183090886
pilatesinstructor,pilates_with_dorita,Dorita Vardikou,184210691
pilatesinstructor,andreaspeir,â€¢ Andrea Speir â€¢,184551280
pilatesinstructor,thekrystahuber,Krysta Huber,188015235
pilatesinstructor,carinlenox,Pilates Therapy,193335996
pilatesinstructor,tugbasubasmethod,TugbaSubasÌ§OnlinePilatesStudyo,223123479
pilatesinstructor,premiumpilatesandfitness,Premium Pilates and Fitness,228637088
pilatesinstructor,erica.almodovar,Authentic Pilates Learning Ctr,244468242
pilatesinstructor,winterevans1,Movement PT+Health Coach ğŸ‡¬ğŸ‡·ğŸ‡ªğŸ‡¸,277121671
pilatesinstructor,daniela.perez.salinas,Pilates Daniela Perez Salinas,287726465
pilatesinstructor,annakarlla_berti,Anna Karlla Berti,299784744
pilatesinstructor,aliiscan,Ali Ä°ÅŸcan,306210380
pilatesinstructor,cloebunterpilates,Cloe Bunter,307196132
pilatesinstructor,juliesullivanpilates,juliesullivanpilates,317672794
pilatesinstructor,lisakayepilates,Lisa Kaye Pilates,356292314
pilatesinstructor,jillharrispilates,Creative Pilates Workouts,400724197
pilatesinstructor,stella_minjung,Stella Yoga&Pilates,646810281
pilatesinstructor,pilatesyoga_jiny,55á„†á…¡á†« á„‹á…²á„á…²á„‡á…¥ á„‡á…µá„á…¡á„†á…µá†«á„‰á…µá†«á„Œá…µá„‚á…µğŸ‹,717805954
pilatesinstructor,pilatesnerd,Pilates NerdÂ® ğŸ‘“,754632556
pilatesinstructor,respilates,AysÌ§eguÌˆl Mete & Egemen Konak,792057999
pilatesinstructor,ashley_rhianne_raqasa,Dance | Pilates | Clean Living,793108951
pilatesinstructor,pilates_ddang_gu,á„…á…µá„á…¥á„‡á…¥á„…á…µá„‰á…¦á†«á„á…¥[á„á…¥á†¼á„ƒá…¡á†·],1165801860
pilatesinstructor,hnpilates,Hana Lee,1249230208
pilatesinstructor,bodyonkorea,á„‡á…¡á„ƒá…µá„‹á…©á†« á„á…©á„…á…µá„‹á…¡(Bodyon-Korea),1431392888
pilatesinstructor,nicolestuartla,Nicole Stuart,1438110772
pilatesinstructor,woo_nie2,Pilates Director | Olivia ğŸ«’,1499534472
pilatesinstructor,boditree_pilates_and_healing,"Risa Mathews, MA. Owner",1555961418
pilatesinstructor,musclematics,MuscleMatics,1565160766
pilatesinstructor,anapaulabitepilates,Ana Paula Bite - Clinica Vivaz,1569054466
pilatesinstructor,ertackayaoglu,ErtacÌ§ KayaogÌ†lu,1574001763
pilatesinstructor,pila_mively,á„’á…¡á„€á…© á„‰á…µá‡á„‹á…³á†«á„€á…¥ á„ƒá…¡ á„’á…¡á„Œá…£!ğŸ™Œ,1612520149
pilatesinstructor,nahyun_pilateshd,á„€á…µá†·á„‚á…¡á„’á…§á†« ğğ¢ğ¥ğšğ­ğğ¬ ğ¢ğ§ğ¬ğ­ğ«ğ®ğœğ­ğ¨ğ«,1732403224
pilatesinstructor,profitablepilates,Lesley Logan Business Coach,1747339699
pilatesinstructor,thatpilatespassion,That Pilates Passion,1910374375
pilatesinstructor,poiseandstrengthpilates,Tiffany Crosswhite Burke,1940424549
pilatesinstructor,3.14_pilates,3.14 PÄ°LATES BY BURCU ERDOÄAN,1987742076
pilatesinstructor,radhikasbalancedbody,Radhika Karle,1990894340
pilatesinstructor,jjweeks_pilates,Joni Weeks,2109568500
pilatesinstructor,angelicapilates,Angelica O,2110946457
pilatesinstructor,tillypilates,Tilly Heath Pilates,2134693405
pilatesinstructor,zaynagold,Pilates Teacher Training,2135898444
pilatesinstructor,ipfpilates,UluslararasÄ±PilatesFederasyonu,2204343289
pilatesinstructor,saranpilates,Gabrielle Saran,2271804163
pilatesinstructor,cb.fitpilates,CHARELL BERG ğŸ¦‹ Functional,2865523898
pilatesinstructor,langsingonlineaja,â™› Healthy & Diet Coach â™›,2970495856
pilatesinstructor,shainafalconefitness,Shaina Falcone ğŸ‡¨ğŸ‡¦,3178637750
pilatesinstructor,valentinagottlieb,Valentina Gottlieb,3280864988
pilatesinstructor,carraleecollective,CARRA LEE ACTIVEWEAR,3286748209
pilatesinstructor,pilatesplaceyyc,Karen Copeland ğŸ‡¨ğŸ‡¦,3468492645
pilatesinstructor,studiopilates365,Barbara Sabbatini Italy ğŸ‡®ğŸ‡¹,3566909002
pilatesinstructor,wellnessbykelley,Kelley Nemiro,3569568867
pilatesinstructor,hea_utiful,á„‘á…µá†¯á„…á…¡á„á…¦á„‰á…³á„ƒá…µá„‹á…¥á„‹á…² á„ƒá…¢á„‘á…­,3639917392
pilatesinstructor,clinicavivazfisioterapia,Vivaz - Ana Paula Bite,3989666859
pilatesinstructor,vollpilatesgroup,FORMACÌ§AÌƒO EM PILATES,5444201891
pilatesinstructor,greenevil42,â„‚ğ• ğ•’ğ•”h priveÌ/online/en salle,5977278829
pilatesinstructor,centropilates_ba,Leticia Pompei,6778432990
pilatesinstructor,pilatesbellavita,Pilates Bella Vita,7196124243
pilatesinstructor,brunazibordipilates,ğ—•ğ—¿ğ˜‚ğ—»ğ—® ğ—­ğ—¶ğ—¯ğ—¼ğ—¿ğ—±ğ—¶ ğ—£ğ—¶ğ—¹ğ—®ğ˜ğ—²ğ˜€ğŸ§˜â€â™€ï¸,7455187242
pilatesinstructor,tugceirtemofficial,TuÄŸÃ§e Ä°rtem,8696317054
pilatesinstructor,katybath,KATY BATH,8958911695
pilatesinstructor,wellplustv,WELLPLUSAPP,29900000000
pilatesinstructor,hey.you.feeling.good,hey.you.feeling.good,
pilateslovers,thebalancedlife,Robin Long â€¢ The Balanced Life,3792149
pilateslovers,beachyogagirl,Kerri Verna,9614635
pilateslovers,pilatesbylisaonline,Pilates By Lisa Online Studio,11302015
pilateslovers,the_moments,Ksenija Selivanova,12827796
pilateslovers,fisiocarlaveiga,Dra Carla Veiga - UFRJ ğŸ‘©ğŸ»â€ğŸ“,13046286
pilateslovers,mazanetti,MARINA ZANETTI,23683909
pilateslovers,traceymallett,Tracey Mallett âœ¨Pilates Barre,44966328
pilateslovers,vesnaajerkovic,Vesna JerkoviÄ‡,50461655
pilateslovers,thichapilates,Thicha,175679997
pilateslovers,minastenisclube,Minas TeÌ‚nis Clube (de ğŸ˜·),193554431
pilateslovers,marjori.am,ğŸ§ Aulas Pilates e Workshop,206331669
pilateslovers,valquiriafo,ValquÃ­ria Oliveira,241996320
pilateslovers,kerispilatesroom,Keri Pilates,260657346
pilateslovers,jillinacarlano,Jillina Carlano,276464746
pilateslovers,daniela.perez.salinas,Pilates Daniela Perez Salinas,287726465
pilateslovers,hellolyndon,L Y N D O N S M I T H,330727745
pilateslovers,bootybarre,bootybarreÂ®,359240835
pilateslovers,_photo_de_profil._,ğ’€½ âœ° photo de profil âœ° ğ’€½,362781338
pilateslovers,pilatestv,Pilates TV,410819784
pilateslovers,pilatesyalioficial,Cursos e Aulas de Pilates,413724028
pilateslovers,pilatesbodyworkout,PILATES BODY WORKOUT,456275953
pilateslovers,neopilates_brasil,NeoPilates â€” Bases Instaveis.,484664178
pilateslovers,pilatesrosanameneghetti,PILATES ROSANA MENEGHETTI,488269657
pilateslovers,vestidoscaprichosa,Caprichosa.cl,577961049
pilateslovers,respilates,AysÌ§eguÌˆl Mete & Egemen Konak,792057999
pilateslovers,ashleydeleonpilates,ashley deleon,823777294
pilateslovers,coreterno,Coreterno,952595443
pilateslovers,nihanserbestfit,Nihan SERBEST,1330167437
pilateslovers,korinnolanpilates,Korin Nolan | MAT & REFORMER,1566412472
pilateslovers,anapaulabitepilates,Ana Paula Bite - Clinica Vivaz,1569054466
pilateslovers,codepilates,CodePilates by BarÄ±sÌ§ OÌˆzdemir,1660043403
pilateslovers,poiseandstrengthpilates,Tiffany Crosswhite Burke,1940424549
pilateslovers,gelonew,GelonewbolsastermicaseBrindes,1970706862
pilateslovers,jjweeks_pilates,Joni Weeks,2109568500
pilateslovers,tillypilates,Tilly Heath Pilates,2134693405
pilateslovers,marrigjepilatessport,ğŸŒ¹MarrigjeğŸŒ¹,2139979469
pilateslovers,ipfpilates,UluslararasÄ±PilatesFederasyonu,2204343289
pilateslovers,nutree.me,Regina Lima ğŸŒ¿,2230922650
pilateslovers,revista_pilates,Revista Pilates,2304295462
pilateslovers,tedesco_sandra,Sandra Tedesco Official,2365478631
pilateslovers,dr.a.moghnieh,"Dr. Ali Moghnieh MD,MS",3135882404
pilateslovers,ksjbodycontrol,The Studio @ksjbodycontrol,3152740165
pilateslovers,prostudiopilates,CPT BURCU Ã–ZBAYRAK,3653668280
pilateslovers,clinicavivazfisioterapia,Vivaz - Ana Paula Bite,3989666859
pilateslovers,blogpilatesoficial,Apaixonados por Pilates,4350976863
pilateslovers,evde_spor_yapp,EVDE SPOR YAP,5435975245
pilateslovers,vollpilatesgroup,FORMACÌ§AÌƒO EM PILATES,5444201891
pilateslovers,photo._de_.profille,Ø§Ø¯Ø®Ù„ Ù„Ù„Ø³Ø·ÙˆØ±ÙŠ ÙˆÙØ¹Ù„ Ø§Ù„Ø¬Ø±Ø³,5867755751
pilateslovers,photo__damour,deep memories |Ø°ÙƒØ±ÙŠØ§Øª Ø¹Ù…ÙŠÙ‚Ø©,7037822281
pilateslovers,_photo_de_.profil_,PÄ¥ÅÈ›Ås DÄ› PÅ™ÅfÃ­Å‚Ä›ğŸ‘‘|â€¢|ğŸ‡©ğŸ‡¿ğŸ‡²ğŸ‡¦ğŸ‡¹ğŸ‡³|â€¢|,8479512269
pilateslovers,photo.__.de.__.profill,â„photo._.de._.profil._.18_â„,9314241367
pilateslovers,photo_de_profiill1,Ø´ÙˆÙÙˆ Ø§Ù„Ø³ØªÙˆØ±ğŸ‘†ğŸ˜,9744274573
pilateslovers,1001.tayt,ğŸ™ğŸ˜ğŸ˜ğŸ™ ğ•‹ğ•’ğ•ªğ•¥-ğ•ƒğ•–ğ•˜ğ•˜ğ•šğ•Ÿğ•˜ğ•¤-ğ•†ğ•§ğ•–ğ•£ğ•’ğ•ğ•ğ•¤,10400000000
pilateslovers,couples_pictures.48,HI LOVERS â™¥ï¸â©,18400000000
pilateslovers,photo_.de._profiile,ğŸŒ·â£ï¸PHOTO DE PROFILâ£ï¸ğŸŒ·,21400000000
pilateslovers,pictures_stories_dz,pictures,26200000000
pilateslovers,saudenacapital,SauÌde na Capital,31400000000
wellnesscoach,misscrazysexicool,A S I A | Energy Goddess,2701353
wellnesscoach,bengreenfieldfitness,Ben Greenfield Fitness,3273948
wellnesscoach,sabine.abdelki,Sabine - Wellness ğŸ§¿ğŸº,4726607
wellnesscoach,fedecunipt,Dott.ssa Federica Cuni,8610981
wellnesscoach,macros_with_megs,Meagan Mcgraw,16491135
wellnesscoach,thebritneydurham,Britney Durham,18215721
wellnesscoach,elizabeth8i8,ELIZABETH V. WELLNESS COACH,18617867
wellnesscoach,ashleyturner1,Ashley Turner | Yoga + Therapy,21937337
wellnesscoach,nutritiouslifeofficial,NUTRITIOUS LIFE,23600450
wellnesscoach,chrissyajisafe,Transformation Coach ğŸ‡³ğŸ‡¬ğŸ‡¬ğŸ‡§,43076455
wellnesscoach,drpremj,Dr Prem Jagyasi | DrPrem.com,47009264
wellnesscoach,karlatafra,Yoga Teacher & Nutritionist,52220054
wellnesscoach,coachlorearellano,Coach Lore Arellano,54917995
wellnesscoach,anneevanscody,Anne Evans Cody,180209073
wellnesscoach,nikkisharp,NIKKI SHARP,181456802
wellnesscoach,lilians_happylife,Lilian,184957243
wellnesscoach,juli24fit,Francy Juliana Florez,207996700
wellnesscoach,idelkisfit,Idelkis Martinez,210407515
wellnesscoach,iamninasilic,NinaSilic Health|Fitness|Coach,231805688
wellnesscoach,kitiyaskye,Kitiya Skye,234693551
wellnesscoach,warriorgoddesswellness,Andrea Nucci,321988915
wellnesscoach,staceynaito,Stacey Naito,339741391
wellnesscoach,inspiredforyoga,Inspired For Yoga,403650552
wellnesscoach,lucywyndhamread,LUCYS HOME WORKOUTS ğŸ‘¯â€â™€ï¸ğŸ’¦ğŸ’•,472577812
wellnesscoach,janiceliou,Janice Yoga + Online Biz Coach,496083928
wellnesscoach,rawbeautytalks,Erin - Health & Wellness Coach,570119785
wellnesscoach,marhgydg19,Dra. Margherita Di Giovanni,584767890
wellnesscoach,juiceguruinstitute,Juice Guru Institute,652349028
wellnesscoach,vancouver.fitness,The Official Vancouver Fitness,1013505645
wellnesscoach,readyriv,Momâœ¨BossğŸ’Coach ğŸ†,1044994467
wellnesscoach,highestselflove,R O K S A N A,1216121117
wellnesscoach,ipboateng,ISAAC BOATENG,1272222323
wellnesscoach,yogaflares,ğŸ§˜â€â™€ï¸ğŸ”¥Yoga FlaresğŸ”¥ğŸ§˜â€â™€ï¸,1482892178
wellnesscoach,dailyfitnesszone,Fit For More - Coach LeÌa,1518939362
wellnesscoach,dreamcouple24,B E A T R I C E,1609571509
wellnesscoach,albertocampanariofficial,Alberto Campanari,1655840653
wellnesscoach,ironbrothers_gba_oficial,ğŸ‡§ğŸ‡·IRON-BROTHERS-GBA-TEAMğŸ‡§ğŸ‡·,1960551039
wellnesscoach,missthango,N.C Thango,1980451623
wellnesscoach,livewellmel,ğ— ğ—˜ğ—Ÿ | ğ—§ğ—¥ğ—”ğ—œğ—¡ğ—˜ğ—¥ & ğ—¡ğ—¨ğ—§ğ—¥ğ—œğ—§ğ—œğ—¢ğ—¡ğ—œğ—¦ğ—§,2041736962
wellnesscoach,rachaeln8,Wonder Woman | Rachael Kulei,2117692934
wellnesscoach,relationship.renegades,Relationship Renegades,2205106396
wellnesscoach,fre_kelly,Kelly Frederico,2223310365
wellnesscoach,eleni.mpizimi,Wellnesslife24 â™¥ï¸,2235806364
wellnesscoach,newyorkgirlstyle,New York Girl Style Lifestyle,2292882288
wellnesscoach,charanjit.fit.coach,Charanjit Singh Sehmbi,2301540155
wellnesscoach,sulmy_fit,Sulmy Morales,2956748447
wellnesscoach,ksjbodycontrol,The Studio @ksjbodycontrol,3152740165
wellnesscoach,prolonfmd,ProLon,3510041802
wellnesscoach,nicole_alexandria.s,Nicole A. Stancil WBFF Pro,3555011290
wellnesscoach,vishal_parashar_official,Vishal Parashar | Life Coach,4033640562
wellnesscoach,lori.mork,Lori Mork,4229160795
wellnesscoach,yoganama,Namita Piparaiya,4231252674
wellnesscoach,kathy_kboom,Wellness Coach ğŸ’•,4739803860
wellnesscoach,wakeupandsmelltherosay,"Natalie Rose AğŸŒ¹MPsy, RP",6084407856
wellnesscoach,thelockerroom.ie,The Locker Room,7122866138
wellnesscoach,jeewith_app,Jeewith | Wellness Journey,7416080257
wellnesscoach,sparklegigglesmile,"ğŸª´Real Life Mama, Home & StyleğŸ’•",7710476479
wellnesscoach,kittyblomfield,Body&Health Transformation,7934237116
wellnesscoach,stylenlookblouses,StyleNlookBlouses,10800000000
wellnesscoach,the_wedding_journals_,The Wedding Journals,14400000000
wellnesscoach,tealwellnessofficial,Teal,20300000000
wellnesscoach,yogalovy,Insta Marketing,34600000000
wellnesscoach,danielazuccarini,Daniela Zuccarini,39000000000
x,yogadailyprogress,Yoga Daily Progress,20200000000
yogazoom,aliciamhansen,Alicia Hansen,9767911
yogazoom,beatricecagnin_yoga,BeatriceCagnin,36165431
yogazoom,valkahl,VAL KAHL,38489813
yogazoom,new.life.movement,Beverley Randall,38975555
yogazoom,maestradeyoga_martha,M â—® R T H A â€¢maestra de yoga â€¢,43789295
yogazoom,amyippoliti,Amy Ippoliti,44189577
yogazoom,lailakuri,lailakuri,183824233
yogazoom,evecchioyoga,Elizabeth Vecchio,198652063
yogazoom,hiityyoga,Valeria Puga,203780162
yogazoom,pranayanayoga,Yoga Barcelona|Yana Selitskaya,206640925
yogazoom,dan_prem_2011,Dan Arredon,207267297
yogazoom,yogablerina,Blerina | Yoga Teacher,211658300
yogazoom,miriama.snirer,YOGAâ™¥TRAVELã€„SURFâ‰‹LOVE,218679654
yogazoom,gabiggs.yoga,Gabi SimoÌƒes,221284683
yogazoom,samjofamily,Coach Nutrition,285553219
yogazoom,with_yin_yoga,Yin Yoga - Yin Yoga training,307720662
yogazoom,alex.drine,Alexandrine Comte,312942391
yogazoom,yogawithleti,ğ“›ğ“®ğ“½ğ“²ğ”ƒğ“²ğ“ª ğ“•ğ“ªğ“«ğ“«ğ“»ğ“² à¥,316323502
yogazoom,vesselify,Vesselify School of Yoga,446468618
yogazoom,unyoguibudista,PAZF,540383872
yogazoom,amybossi,GYPSY,546176424
yogazoom,mireyoga,ğ™¼ğš’ğš›ğš ğšˆğš˜ğšğšŠ,622007376
yogazoom,angelayogini,Angela Perez,681079834
yogazoom,kabalahyoga,Audi Gozlan,937744229
yogazoom,flexhotyoga,Flex Hot Yoga Brisbane,1044785964
yogazoom,pedro_arce_yoga,Pedro Arce,1434131192
yogazoom,vinyasayogachile,Vinyasa Yoga Chile,1605759581
yogazoom,mariacananiz.yoga.astro,Maria Cananiz,1671343879
yogazoom,yoga_iyengar_mexico,AMYI,1797015335
yogazoom,patricia_calas,â˜¾ ğ—£ğ—”ğ—§ğ—¥ğ—œğ—–ğ—œğ—” ğ—–ğ—”ğ—Ÿğ—”ğ—¦,2013219819
yogazoom,borjayoga,Borja Garcia TaucerğŸ‡¦ğŸ‡· ğŸ‡ªğŸ‡¸,2267522879
yogazoom,carolyncowanofficial,Kundalini Global Teacher,2933418774
yogazoom,svadharmayoga,Yoga/MeditacÌ§aÌƒo/Terapias,3022212177
yogazoom,adventuresofbarbarella,Diana,3180110628
yogazoom,polyoga.ru,BODY&SOUL ĞŸĞ¾Ğ»Ğ¸Ğ½Ğ° Ğ£Ğ²Ğ°Ñ€Ğ¾Ğ²Ğ°,3205897638
yogazoom,yogabypramila,Pramila Khubchandani,3263943376
yogazoom,ilmioyoga,Jessica yoga and wellness,3506122633
yogazoom,dieheilungsfamilie,Rosa Grafe,3548996484
yogazoom,lari.yoga,Larissa Yoga Teacher à¤¶à¤•à¥à¤¤à¤¿,3675384292
yogazoom,harmony.yoga.therapie,ğ»ğ’¶ğ“‡ğ“‚ğ‘œğ“ƒğ“ ğ’´ğ‘œğ‘”ğ’¶ ğ’¯ğ’½ğ‘’Ìğ“‡ğ’¶ğ“…ğ’¾ğ‘’ âœ¨ğŸ’•âœ¨,3707275208
yogazoom,claudiaiglesiasyogaonline,Claudia Iglesias Yoga,4430615178
yogazoom,litasattva,Lita Sattva Yoga,4564780626
yogazoom,_yogilee_,â”† âµ laura-lee â˜† â˜¾ âµ,4659558240
yogazoom,lasalledesport.paris,LA.SALLE.DE.SPORT with Reebok,4829552473
yogazoom,despertarhumanochile,Despertar Humano Chile,5349068175
yogazoom,simonagyoga,Simona G Yoga,5454125898
yogazoom,artsymove,Artsymove Yoga,5468196393
yogazoom,yogaflorencia,Yoga - Florencia D'Ottone,5604248986
yogazoom,ximefraga_yoga,ğ—«ğ—¶ğ—ºğ—²ğ—»ğ—® ğ—™ğ—¿ğ—®ğ—´ğ—® à¥ ğ€ğ§ğ£ğšğ¥ğ¢ ğ˜ğ¨ğ ğš,5821656361
yogazoom,elisandyoga,Elis Pa Yoga,5916002440
yogazoom,fivepranas,"Best of Yoga, Mind & Body",6307279066
yogazoom,ozeresraa,Esra | Travel,6492894929
yogazoom,paramsahej,Yoga Gratis,7142262876
yogazoom,centro_mindfulness_firenze,Centro Mindfulness Firenze,7367403746
yogazoom,esprityogamagazine,Esprit Yoga,7912615679
yogazoom,yanta.daily,Ğ˜Ì†Ğ¾Ğ³Ğ° ĞºĞ°Ğ¶Ğ´Ñ‹Ğ¸Ì† Ğ´ĞµĞ½ÑŒ ğŸ§˜ğŸ»â€â™€ï¸,8055101983
yogazoom,yogomyoga,YOGOM ğŸ§˜ğŸ¼ Yoga shop & more ğŸ™,9137075232
yogazoom,oneloveforyoga,ğ‘®ğ’Šğ’”ğ’†ğ’ğ’†,9659570480
yogazoom,yogadailypractice,Yoga Daily Practice,9744665103
yogazoom,yogawithjoelie,Joelie | Yoga Instructor,13000000000
yogazoom,yogadailytutorial,Yoga Daily Tutorial,13500000000
yogazoom,areadyuk,Agency Ready,14500000000
yogazoom,peacocktoulouse,PEACOCK ğŸ¦š,16600000000
yogazoom,lotus.chakra,LOTUS CHAKRA,18900000000
yogazoom,pranama_portugal,Embodied Yoga and practice,19600000000
yogazoom,yogadailyprogress,Yoga Daily Progress,20200000000
yogazoom,kaur_namkaran,Nam Karan Kaur,23100000000
yogazoom,martina1qigong1yoga,Martina,25500000000
yogazoom,yoga.forsoul,YOGA FOR SOUL,32100000000
yogazoom,hathayogatutorials,HATHA YOGA TUTORIALS,32600000000
yogazoom,salitadepapel,SalitadePapel,35600000000
yogazoom,dailyhathayoga,Daily Hatha Yoga,36100000000
yogazoom,yogaforthespirit,YOGA FOR THE SPIRIT,36400000000
yogazoom,wuepshome,Wueps!,43700000000
zoomfitness,jarredstedman,Jarred Stedman (He/Him),898064
zoomfitness,hannahjoyfitness,Hannah Joy Jackson,7582934
zoomfitness,marion_pearce,Marion Pearce,10267543
zoomfitness,drypbysoha,Soha Panah,14513898
zoomfitness,loribtorres,Lori B. Torres,15355996
zoomfitness,ambitious_one_fitness_,Sereco Campbell,52203143
zoomfitness,kingphorce,LAFAYETTE ROBINSON,182096226
zoomfitness,staisean,STAISEAN,188235463
zoomfitness,fitnessdiva08,Tizana Goodluck,195335237
zoomfitness,juliaflows,JULiA,196043055
zoomfitness,autspain,AUT - Hacking The Body Age,211880154
zoomfitness,luscious_maven,Luscious Maven | Pole Studio,218813146
zoomfitness,latincardioblast_kara,kara,220376342
zoomfitness,bellas_pole_sports,Bella Monnery,237092714
zoomfitness,canfitpro,canfitpro,251837574
zoomfitness,nataliefyonfitness,Natalie Fyon,271500954
zoomfitness,cristalpulgini.cpt,"Cristal Clear Fitness, CPT.",279495021
zoomfitness,jaclynnyc,Jaclyn BakerğŸŒŸIFBB Fitness Pro,286257091
zoomfitness,gennabell_fit,GENNA Online Wellness Coach,299042736
zoomfitness,mifit_coach,MiFitğŸ’¥Mindful FitnessğŸ‹ğŸ¼â€â™€ï¸,413366769
zoomfitness,motivate_healthyfit,Tracy L Markley ğŸ’ªğŸ‘Š,493457289
zoomfitness,jennamayefitness,JennaMaye (she/her),1245776771
zoomfitness,fitbodtee,"ğ‘©ğ’–ğ’Šğ’ğ’… ğ‘©ğ’‚ğ’”ğ’†,ğ‘»ğ’“ğ’Šğ’ ğ‘¾ğ’‚ğ’Šğ’”ğ’•",1333333365
zoomfitness,stacy.dascher,S T A C Y âœ¨ D A S C H E R,1382296176
zoomfitness,dan_handstand,INBALANCE,1435532393
zoomfitness,theangelagentile,Mindful Fitness & Coaching,1662921573
zoomfitness,fitwithms.gina,Gina,1689272467
zoomfitness,saarkashyap,Saar Kashyap,3622912947
zoomfitness,sydfit212,Sydney Rose,4049313664
zoomfitness,nawazbodyartmumbai,Nawaz Modi Singhania,4203342649
zoomfitness,monika_a_mazur,Top Life + Fitness Coach,4261055755
zoomfitness,shaolinkungfutrainingcenter,Shaolin KungFu Training Center,4717279221
zoomfitness,dmentors_dancecompany,D-MENTORS DANCE COMPANY,4976144194
zoomfitness,silhouettebyalexis,Alexis Sweeney âœ¨ Barre/Pilates,4996276458
zoomfitness,boloinc,BOLO,5356806821
zoomfitness,vimlyfe_workouts,,27900000000
zoompilates,nataliahaigler,NVP STUDIO,12186098
zoompilates,samanthashurafa,Samantha Shurafa,246654966
zoompilates,sianmarshallpilates,Sian Marshall,254514768
zoompilates,gracehurrypilates,Grace Hurry,329051554
zoompilates,pilateswithzoe,Zoe Wadey,337733701
zoompilates,polestarpilates,Polestar Pilates International,446039070
zoompilates,naturalpilates,Natural Pilates,623779914
zoompilates,pilates949,Rebecca Beckler WBFF PRO,723625882
zoompilates,ashley_rhianne_raqasa,Dance | Pilates | Clean Living,793108951
zoompilates,corepilatesnyc,Core Pilates NYC,1107601349
zoompilates,allysangels_fitness,Ally's Angels & Alphas,1522431402
zoompilates,korinnolanpilates,Korin Nolan | MAT & REFORMER,1566412472
zoompilates,korinnolanpilates,Korin Nolan,1566412472
zoompilates,poiseandstrengthpilates,Tiffany Crosswhite Burke,1940424549
zoompilates,tillypilates,Tilly Heath Pilates,2134693405
zoompilates,equitness,Pilates by Agi Falenta,2439163989
zoompilates,upilates_studio,U Pilates Studio,2906287417
zoompilates,sunn__ha,á„‘á…µá†¯á„…á…¡á„á…¦á„‰á…³ á„€á…¡á†¼á„‰á…¡ | á„€á…µá†·á„‰á…¥á†«á„’á…¡ğ–¤,3211927540
zoompilates,pilateslife_baku,PilatesLife BakuğŸ‡¦ğŸ‡¿,4076426535
zoompilates,fitcoachpatricia,PATRICIA |HEALTH & FITNESS,4365771739
zoompilates,yujin_choi_pilates,Yujin Choi Pilates London,5423871842
zoompilates,pilates_fit_monica,Monica MuÌˆller Pilates-Fit,5677597575
zoompilates,kmos_pilates,Kim Moscatello,7098496087
zoompilates,dynamicpilatestv,Korin & Tiffany,8574448795
zoompilates,katybath,KATY BATH,8958911695
zoompilates,katybath,Katy | Pilates | TRX,8958911695
zoompilates,backpainaid,Backpain | Sciatica | Mobility,14300000000
